zip,Under 5 years,10 to 14 years,15 to 17 years,18 and 19 years,20 years,21 years,22 to 24 years,25 to 29 years,30 to 34 years,35 to 39 years,40 to 44 years,45 to 49 years,5 to 9 years,50 to 54 years,55 to 59 years,60 and 61 years,62 to 64 years,65 and 66 years,67 to 69 years,70 to 74 years,75 to 79 years,80 to 84 years,85 years and over,Female,Male,Total
07002,2109.0,1591.0,706.0,329.0,474.0,1211.0,2525.0,2385.0,2534.0,2761.0,2604.0,1928.0,2147.0,1949.0,1108.0,1239.0,568.0,784.0,951.0,624.0,533.0,393.0,33303.0,32075.0,65378.0,2244.0
07008,970.0,577.0,293.0,209.0,329.0,414.0,1138.0,845.0,904.0,772.0,1049.0,637.0,952.0,703.0,357.0,283.0,192.0,348.0,253.0,186.0,125.0,157.0,12364.0,11601.0,23965.0,734.0
07020,128.0,71.0,0.0,16.0,20.0,105.0,486.0,755.0,794.0,418.0,265.0,373.0,351.0,267.0,50.0,80.0,132.0,118.0,249.0,43.0,51.0,142.0,6365.0,5570.0,11935.0,416.0
07024,634.0,472.0,155.0,230.0,72.0,354.0,921.0,1220.0,1466.0,1533.0,1336.0,788.0,1126.0,1082.0,767.0,599.0,582.0,663.0,1178.0,590.0,488.0,482.0,19646.0,16701.0,36347.0,827.0
07036,1068.0,860.0,571.0,339.0,232.0,858.0,1393.0,1428.0,1375.0,1553.0,1462.0,1107.0,1595.0,1493.0,567.0,793.0,436.0,694.0,655.0,292.0,259.0,244.0,22123.0,20771.0,42894.0,1227.0
07064,78.0,101.0,10.0,7.0,11.0,19.0,51.0,113.0,103.0,117.0,218.0,102.0,99.0,102.0,75.0,38.0,23.0,24.0,59.0,25.0,43.0,32.0,1867.0,1767.0,3634.0,152.0
07077,67.0,43.0,0.0,35.0,0.0,58.0,101.0,156.0,70.0,121.0,98.0,41.0,72.0,91.0,75.0,45.0,20.0,24.0,50.0,20.0,26.0,4.0,1248.0,1282.0,2530.0,0.0
07202,1633.0,665.0,430.0,200.0,455.0,835.0,1758.0,1683.0,1457.0,1893.0,1563.0,1652.0,1411.0,1320.0,418.0,271.0,283.0,407.0,529.0,311.0,239.0,224.0,20522.0,20507.0,41029.0,1395.0
07206,1189.0,673.0,373.0,154.0,290.0,685.0,1178.0,976.0,1396.0,875.0,836.0,1375.0,793.0,507.0,170.0,125.0,125.0,189.0,196.0,114.0,126.0,168.0,14441.0,13807.0,28248.0,1763.0
07305,2226.0,980.0,794.0,658.0,452.0,1563.0,2491.0,2181.0,2383.0,2661.0,2102.0,2351.0,1760.0,1617.0,672.0,810.0,501.0,914.0,1257.0,540.0,318.0,243.0,34371.0,29069.0,63440.0,2483.0
07620,49.0,30.0,15.0,13.0,13.0,45.0,34.0,31.0,16.0,35.0,64.0,32.0,32.0,106.0,34.0,43.0,33.0,54.0,67.0,62.0,16.0,23.0,778.0,781.0,1559.0,18.0
07632,170.0,161.0,10.0,8.0,0.0,86.0,168.0,82.0,197.0,169.0,235.0,172.0,162.0,307.0,43.0,77.0,99.0,90.0,173.0,152.0,74.0,62.0,2871.0,2571.0,5442.0,246.0
07670,798.0,517.0,143.0,95.0,62.0,71.0,71.0,168.0,428.0,588.0,659.0,693.0,708.0,485.0,340.0,145.0,160.0,147.0,240.0,170.0,193.0,66.0,7830.0,6958.0,14788.0,414.0
08861,2010.0,1214.0,620.0,406.0,427.0,1309.0,2184.0,2254.0,1995.0,1860.0,1981.0,1916.0,1844.0,1305.0,444.0,603.0,381.0,460.0,810.0,358.0,203.0,266.0,27486.0,27060.0,54546.0,2045.0
10001,235.0,48.0,560.0,197.0,109.0,768.0,1303.0,1330.0,1011.0,1122.0,577.0,364.0,913.0,904.0,270.0,320.0,190.0,495.0,317.0,265.0,210.0,103.0,11710.0,11827.0,23537.0,381.0
10002,1384.0,1048.0,780.0,375.0,461.0,1838.0,4080.0,3406.0,2987.0,2691.0,3273.0,1223.0,2653.0,2402.0,1148.0,1203.0,817.0,1056.0,2238.0,1130.0,1283.0,854.0,41922.0,38814.0,80736.0,1496.0
10003,386.0,163.0,4254.0,1014.0,311.0,1314.0,4725.0,3264.0,1701.0,1973.0,1418.0,363.0,1206.0,1710.0,444.0,902.0,463.0,616.0,687.0,509.0,189.0,400.0,29925.0,27187.0,57112.0,756.0
10004,27.0,156.0,0.0,16.0,27.0,58.0,301.0,209.0,164.0,113.0,35.0,60.0,107.0,115.0,14.0,77.0,3.0,23.0,25.0,3.0,0.0,0.0,1694.0,1527.0,3221.0,42.0
10005,89.0,33.0,4.0,27.0,163.0,362.0,1491.0,637.0,621.0,383.0,140.0,112.0,136.0,57.0,0.0,15.0,0.0,0.0,68.0,0.0,0.0,0.0,4227.0,3904.0,8131.0,111.0
10006,0.0,11.0,0.0,0.0,0.0,146.0,353.0,430.0,157.0,107.0,122.0,18.0,4.0,79.0,25.0,0.0,0.0,0.0,0.0,0.0,0.0,0.0,1720.0,1390.0,3110.0,203.0
10007,121.0,171.0,53.0,37.0,36.0,52.0,253.0,565.0,288.0,577.0,214.0,199.0,180.0,162.0,93.0,26.0,12.0,2.0,0.0,17.0,51.0,1.0,2932.0,3944.0,6876.0,204.0
10009,792.0,824.0,331.0,756.0,316.0,1885.0,4794.0,3594.0,1886.0,1610.0,2232.0,641.0,1870.0,1849.0,1019.0,686.0,483.0,783.0,1608.0,579.0,337.0,149.0,33190.0,27675.0,60865.0,686.0
10010,391.0,50.0,727.0,522.0,149.0,1472.0,2501.0,1723.0,1340.0,988.0,821.0,331.0,795.0,1148.0,218.0,352.0,180.0,338.0,390.0,317.0,108.0,151.0,15798.0,15649.0,31447.0,504.0
10011,491.0,224.0,246.0,276.0,327.0,586.0,3646.0,3694.0,1883.0,3073.0,1445.0,711.0,1790.0,1942.0,884.0,831.0,737.0,751.0,895.0,535.0,303.0,222.0,25834.0,26515.0,52349.0,858.0
10012,389.0,160.0,186.0,249.0,136.0,873.0,2366.0,1730.0,740.0,786.0,377.0,199.0,867.0,626.0,279.0,477.0,142.0,458.0,303.0,311.0,97.0,126.0,11614.0,12549.0,24163.0,325.0
10013,475.0,324.0,198.0,406.0,236.0,611.0,1237.0,1494.0,1163.0,1134.0,605.0,553.0,517.0,623.0,392.0,581.0,227.0,398.0,390.0,228.0,179.0,150.0,13790.0,13625.0,27415.0,757.0
10014,364.0,112.0,90.0,74.0,89.0,255.0,2954.0,2058.0,1177.0,1027.0,873.0,437.0,1263.0,908.0,310.0,434.0,377.0,422.0,530.0,256.0,247.0,157.0,14965.0,15762.0,30727.0,448.0
10016,436.0,179.0,477.0,365.0,159.0,1669.0,5761.0,3309.0,1408.0,1345.0,1466.0,468.0,1860.0,1295.0,665.0,535.0,392.0,553.0,1065.0,749.0,433.0,323.0,27318.0,23323.0,50641.0,1332.0
10017,59.0,8.0,100.0,25.0,0.0,203.0,1476.0,1200.0,762.0,552.0,481.0,81.0,657.0,600.0,151.0,162.0,69.0,423.0,495.0,245.0,95.0,158.0,8870.0,7602.0,16472.0,294.0
10018,31.0,68.0,38.0,86.0,35.0,489.0,1095.0,780.0,489.0,311.0,144.0,47.0,231.0,162.0,77.0,69.0,37.0,69.0,3.0,25.0,12.0,0.0,4347.0,4821.0,9168.0,190.0
10019,272.0,89.0,206.0,105.0,98.0,925.0,2894.0,2900.0,1722.0,1875.0,1170.0,469.0,1155.0,1403.0,476.0,687.0,288.0,511.0,911.0,465.0,391.0,260.0,19628.0,19202.0,38830.0,674.0
10020,0.0,0.0,0.0,0.0,0.0,0.0,0.0,0.0,0.0,0.0,0.0,0.0,0.0,0.0,0.0,0.0,0.0,0.0,0.0,0.0,0.0,0.0,0.0,0.0,0.0,0.0
10021,761.0,222.0,158.0,92.0,35.0,291.0,2753.0,2197.0,2262.0,1070.0,759.0,1118.0,1196.0,989.0,1047.0,702.0,244.0,1169.0,971.0,528.0,495.0,396.0,23818.0,19755.0,43573.0,1084.0
10022,141.0,127.0,183.0,58.0,26.0,303.0,2414.0,1044.0,1149.0,1163.0,1001.0,251.0,919.0,775.0,568.0,360.0,370.0,588.0,1137.0,662.0,549.0,468.0,17122.0,13485.0,30607.0,578.0
10023,849.0,320.0,469.0,241.0,77.0,777.0,2836.0,2706.0,2924.0,2135.0,2145.0,891.0,2017.0,1586.0,912.0,983.0,815.0,1268.0,1601.0,1111.0,450.0,786.0,32398.0,28188.0,60586.0,1952.0
10024,982.0,674.0,282.0,49.0,188.0,556.0,3022.0,2902.0,2626.0,2430.0,2143.0,1072.0,2037.0,1640.0,1262.0,665.0,650.0,1354.0,1118.0,691.0,328.0,486.0,31252.0,27139.0,58391.0,1525.0
10025,1553.0,988.0,1446.0,1309.0,510.0,1641.0,6045.0,2871.0,3151.0,3048.0,3514.0,1735.0,3161.0,2921.0,1127.0,1965.0,805.0,1707.0,2318.0,1170.0,847.0,1132.0,54353.0,41715.0,96068.0,2913.0
10026,1043.0,554.0,323.0,278.0,408.0,1283.0,2094.0,1490.0,1351.0,1384.0,1381.0,1094.0,1374.0,1033.0,447.0,501.0,236.0,512.0,289.0,267.0,123.0,39.0,20497.0,17813.0,38310.0,1427.0
10027,1765.0,1247.0,2296.0,975.0,721.0,2701.0,3862.0,2425.0,2486.0,1807.0,1838.0,1750.0,1829.0,1578.0,527.0,613.0,488.0,552.0,1146.0,437.0,247.0,212.0,34533.0,29880.0,64413.0,1815.0
10028,736.0,456.0,73.0,62.0,24.0,429.0,4211.0,2134.0,1881.0,1774.0,1686.0,1051.0,910.0,1628.0,540.0,478.0,589.0,914.0,916.0,661.0,520.0,536.0,26387.0,20496.0,46883.0,1015.0
10029,2901.0,1605.0,1400.0,724.0,581.0,2204.0,4504.0,3602.0,3018.0,1910.0,2595.0,1920.0,1946.0,1739.0,1020.0,1078.0,379.0,847.0,1583.0,639.0,510.0,392.0,42887.0,36364.0,79251.0,1791.0
10030,556.0,510.0,486.0,121.0,360.0,932.0,2060.0,1389.0,1212.0,1016.0,1026.0,646.0,1010.0,621.0,341.0,445.0,147.0,345.0,517.0,212.0,103.0,44.0,15476.0,13733.0,29209.0,1019.0
10031,1189.0,1253.0,495.0,486.0,616.0,1864.0,3634.0,3458.0,1697.0,2118.0,2147.0,1317.0,2052.0,1345.0,576.0,527.0,363.0,754.0,1153.0,414.0,206.0,275.0,30586.0,28658.0,59244.0,1464.0
10032,1403.0,807.0,690.0,187.0,429.0,2248.0,3845.0,3458.0,2261.0,1866.0,2196.0,1358.0,1929.0,1562.0,988.0,765.0,373.0,749.0,772.0,441.0,208.0,399.0,31821.0,30864.0,62685.0,1606.0
10033,1478.0,829.0,540.0,435.0,345.0,1935.0,2629.0,2729.0,2036.0,2466.0,1863.0,1114.0,1413.0,1818.0,849.0,694.0,372.0,728.0,854.0,266.0,405.0,270.0,29068.0,30776.0,59844.0,1963.0
10034,1072.0,631.0,575.0,148.0,393.0,1132.0,2284.0,2030.0,2027.0,1500.0,1500.0,1073.0,1119.0,1032.0,638.0,827.0,305.0,272.0,610.0,294.0,156.0,132.0,22442.0,20963.0,43405.0,1558.0
10035,1001.0,621.0,461.0,175.0,296.0,826.0,1424.0,1557.0,1182.0,1098.0,1126.0,867.0,1437.0,1191.0,448.0,438.0,223.0,394.0,558.0,204.0,130.0,142.0,17113.0,16807.0,33920.0,1207.0
10036,87.0,257.0,133.0,254.0,307.0,806.0,2059.0,2041.0,822.0,1745.0,589.0,185.0,1231.0,821.0,437.0,362.0,221.0,331.0,382.0,218.0,187.0,0.0,11021.0,14778.0,25799.0,367.0
10037,766.0,338.0,221.0,60.0,113.0,260.0,922.0,741.0,628.0,585.0,738.0,574.0,565.0,702.0,311.0,162.0,51.0,257.0,438.0,120.0,89.0,213.0,10417.0,8360.0,18777.0,524.0
10038,228.0,229.0,668.0,155.0,167.0,640.0,1586.0,1290.0,813.0,637.0,491.0,336.0,398.0,466.0,293.0,174.0,184.0,265.0,337.0,238.0,187.0,172.0,11440.0,10024.0,21464.0,361.0
10039,1083.0,388.0,418.0,163.0,178.0,802.0,1252.0,899.0,1120.0,914.0,893.0,838.0,730.0,483.0,286.0,207.0,9.0,219.0,474.0,183.0,103.0,203.0,14542.0,12155.0,26697.0,819.0
10040,944.0,654.0,386.0,425.0,437.0,1034.0,2226.0,1896.0,1436.0,1150.0,1929.0,806.0,1592.0,916.0,365.0,1136.0,234.0,391.0,1025.0,362.0,260.0,331.0,23786.0,20592.0,44378.0,954.0
10044,160.0,62.0,0.0,0.0,60.0,373.0,624.0,678.0,574.0,415.0,396.0,86.0,346.0,344.0,294.0,229.0,132.0,62.0,335.0,186.0,164.0,95.0,6177.0,5606.0,11783.0,272.0
10065,507.0,206.0,59.0,55.0,60.0,603.0,2117.0,1573.0,1795.0,920.0,996.0,384.0,1059.0,605.0,352.0,258.0,555.0,685.0,572.0,443.0,482.0,272.0,16953.0,13284.0,30237.0,1159.0
10069,96.0,24.0,0.0,0.0,0.0,40.0,435.0,405.0,451.0,208.0,100.0,222.0,149.0,257.0,0.0,16.0,19.0,39.0,97.0,46.0,0.0,0.0,2896.0,2630.0,5526.0,212.0
10075,426.0,153.0,139.0,44.0,0.0,200.0,1679.0,773.0,1052.0,466.0,542.0,507.0,728.0,882.0,545.0,493.0,544.0,534.0,819.0,347.0,174.0,359.0,15049.0,10707.0,25756.0,519.0
10103,0.0,0.0,0.0,0.0,0.0,0.0,0.0,0.0,0.0,0.0,0.0,0.0,0.0,0.0,0.0,0.0,0.0,0.0,0.0,0.0,0.0,0.0,0.0,0.0,0.0,0.0
10110,0.0,0.0,0.0,0.0,0.0,0.0,0.0,0.0,0.0,0.0,0.0,0.0,0.0,0.0,0.0,0.0,0.0,0.0,0.0,0.0,0.0,0.0,0.0,0.0,0.0,0.0
10111,0.0,0.0,0.0,0.0,0.0,0.0,0.0,0.0,0.0,0.0,0.0,0.0,0.0,0.0,0.0,0.0,0.0,0.0,0.0,0.0,0.0,0.0,0.0,0.0,0.0,0.0
10112,0.0,0.0,0.0,0.0,0.0,0.0,0.0,0.0,0.0,0.0,0.0,0.0,0.0,0.0,0.0,0.0,0.0,0.0,0.0,0.0,0.0,0.0,0.0,0.0,0.0,0.0
10115,0.0,0.0,0.0,0.0,0.0,0.0,0.0,0.0,0.0,0.0,0.0,0.0,0.0,0.0,0.0,0.0,0.0,0.0,0.0,0.0,0.0,0.0,0.0,0.0,0.0,0.0
10119,0.0,0.0,0.0,0.0,0.0,0.0,0.0,0.0,0.0,0.0,0.0,0.0,0.0,0.0,0.0,0.0,0.0,0.0,0.0,0.0,0.0,0.0,0.0,0.0,0.0,0.0
10128,1100.0,580.0,313.0,134.0,51.0,1085.0,4772.0,2526.0,2298.0,2308.0,2173.0,1744.0,1744.0,1505.0,818.0,665.0,632.0,1199.0,1399.0,763.0,686.0,570.0,35155.0,26772.0,61927.0,1712.0
10152,0.0,0.0,0.0,0.0,0.0,0.0,0.0,0.0,0.0,0.0,0.0,0.0,0.0,0.0,0.0,0.0,0.0,0.0,0.0,0.0,0.0,0.0,0.0,0.0,0.0,0.0
10153,0.0,0.0,0.0,0.0,0.0,0.0,0.0,0.0,0.0,0.0,0.0,0.0,0.0,0.0,0.0,0.0,0.0,0.0,0.0,0.0,0.0,0.0,0.0,0.0,0.0,0.0
10154,0.0,0.0,0.0,0.0,0.0,0.0,0.0,0.0,0.0,0.0,0.0,0.0,0.0,0.0,0.0,0.0,0.0,0.0,0.0,0.0,0.0,0.0,0.0,0.0,0.0,0.0
10162,0.0,0.0,0.0,0.0,0.0,0.0,0.0,57.0,41.0,91.0,0.0,36.0,125.0,75.0,0.0,0.0,0.0,0.0,0.0,49.0,0.0,0.0,592.0,697.0,1289.0,179.0
10165,0.0,0.0,0.0,0.0,0.0,0.0,0.0,0.0,0.0,0.0,0.0,0.0,0.0,0.0,0.0,0.0,0.0,0.0,0.0,0.0,0.0,0.0,0.0,0.0,0.0,0.0
10167,0.0,0.0,0.0,0.0,0.0,0.0,0.0,0.0,0.0,0.0,0.0,0.0,0.0,0.0,0.0,0.0,0.0,0.0,0.0,0.0,0.0,0.0,0.0,0.0,0.0,0.0
10168,0.0,0.0,0.0,0.0,0.0,0.0,0.0,0.0,0.0,0.0,0.0,0.0,0.0,0.0,0.0,0.0,0.0,0.0,0.0,0.0,0.0,0.0,0.0,0.0,0.0,0.0
10169,0.0,0.0,0.0,0.0,0.0,0.0,0.0,0.0,0.0,0.0,0.0,0.0,0.0,0.0,0.0,0.0,0.0,0.0,0.0,0.0,0.0,0.0,0.0,0.0,0.0,0.0
10170,0.0,0.0,0.0,0.0,0.0,0.0,0.0,0.0,0.0,0.0,0.0,0.0,0.0,0.0,0.0,0.0,0.0,0.0,0.0,0.0,0.0,0.0,0.0,0.0,0.0,0.0
10171,0.0,0.0,0.0,0.0,0.0,0.0,0.0,0.0,0.0,0.0,0.0,0.0,0.0,0.0,0.0,0.0,0.0,0.0,0.0,0.0,0.0,0.0,0.0,0.0,0.0,0.0
10172,0.0,0.0,0.0,0.0,0.0,0.0,0.0,0.0,0.0,0.0,0.0,0.0,0.0,0.0,0.0,0.0,0.0,0.0,0.0,0.0,0.0,0.0,0.0,0.0,0.0,0.0
10173,0.0,0.0,0.0,0.0,0.0,0.0,0.0,0.0,0.0,0.0,0.0,0.0,0.0,0.0,0.0,0.0,0.0,0.0,0.0,0.0,0.0,0.0,0.0,0.0,0.0,0.0
10174,0.0,0.0,0.0,0.0,0.0,0.0,0.0,0.0,0.0,0.0,0.0,0.0,0.0,0.0,0.0,0.0,0.0,0.0,0.0,0.0,0.0,0.0,0.0,0.0,0.0,0.0
10177,0.0,0.0,0.0,0.0,0.0,0.0,0.0,0.0,0.0,0.0,0.0,0.0,0.0,0.0,0.0,0.0,0.0,0.0,0.0,0.0,0.0,0.0,0.0,0.0,0.0,0.0
10199,0.0,0.0,0.0,0.0,0.0,0.0,0.0,0.0,0.0,0.0,0.0,0.0,0.0,0.0,0.0,0.0,0.0,0.0,0.0,0.0,0.0,0.0,0.0,0.0,0.0,0.0
10271,0.0,0.0,0.0,0.0,0.0,0.0,0.0,0.0,0.0,0.0,0.0,0.0,0.0,0.0,0.0,0.0,0.0,0.0,0.0,0.0,0.0,0.0,0.0,0.0,0.0,0.0
10278,0.0,0.0,0.0,0.0,0.0,0.0,0.0,0.0,0.0,0.0,0.0,0.0,0.0,0.0,0.0,0.0,0.0,0.0,0.0,0.0,0.0,0.0,0.0,0.0,0.0,0.0
10279,0.0,0.0,0.0,0.0,0.0,0.0,0.0,0.0,0.0,0.0,0.0,0.0,0.0,0.0,0.0,0.0,0.0,0.0,0.0,0.0,0.0,0.0,0.0,0.0,0.0,0.0
10280,284.0,30.0,84.0,0.0,0.0,184.0,272.0,485.0,624.0,434.0,397.0,274.0,503.0,291.0,71.0,97.0,78.0,71.0,99.0,41.0,76.0,0.0,4942.0,4610.0,9552.0,412.0
10282,77.0,67.0,0.0,0.0,0.0,0.0,240.0,381.0,467.0,404.0,188.0,117.0,250.0,0.0,37.0,0.0,43.0,20.0,0.0,0.0,0.0,27.0,2716.0,3014.0,5730.0,424.0
10301,1538.0,801.0,665.0,407.0,404.0,1074.0,1113.0,1329.0,1279.0,1383.0,1427.0,1351.0,1353.0,1233.0,318.0,673.0,269.0,591.0,638.0,376.0,324.0,143.0,19619.0,19590.0,39209.0,1446.0
10302,484.0,366.0,287.0,114.0,130.0,376.0,640.0,460.0,600.0,486.0,688.0,736.0,688.0,625.0,213.0,154.0,160.0,171.0,206.0,227.0,67.0,54.0,9123.0,9163.0,18286.0,614.0
10303,897.0,680.0,228.0,244.0,213.0,573.0,1060.0,741.0,659.0,832.0,972.0,893.0,861.0,785.0,248.0,320.0,155.0,282.0,286.0,102.0,77.0,20.0,12596.0,11337.0,23933.0,854.0
10304,1156.0,1058.0,657.0,400.0,482.0,954.0,1353.0,1460.0,1361.0,1076.0,1714.0,1477.0,1320.0,1137.0,692.0,790.0,387.0,427.0,739.0,272.0,314.0,233.0,22533.0,19711.0,42244.0,1420.0
10305,1065.0,708.0,367.0,324.0,197.0,848.0,1485.0,1365.0,1557.0,1475.0,1320.0,1353.0,1330.0,1335.0,633.0,733.0,442.0,530.0,774.0,458.0,413.0,315.0,21679.0,20116.0,41795.0,1280.0
10306,1819.0,942.0,695.0,260.0,427.0,952.0,1782.0,1653.0,1445.0,1954.0,2178.0,1322.0,2131.0,2033.0,892.0,1028.0,531.0,805.0,1148.0,640.0,464.0,429.0,28590.0,26349.0,54939.0,1458.0
10307,514.0,286.0,181.0,167.0,90.0,331.0,378.0,323.0,573.0,554.0,678.0,518.0,748.0,386.0,182.0,88.0,201.0,205.0,172.0,120.0,38.0,36.0,8007.0,7091.0,15098.0,470.0
10308,963.0,533.0,240.0,116.0,322.0,541.0,1080.0,897.0,682.0,936.0,1322.0,733.0,1328.0,1071.0,308.0,479.0,264.0,580.0,721.0,297.0,212.0,195.0,15205.0,14561.0,29766.0,563.0
10309,969.0,859.0,257.0,128.0,389.0,557.0,756.0,1000.0,1095.0,1276.0,1086.0,1111.0,1447.0,1113.0,381.0,503.0,232.0,359.0,636.0,251.0,117.0,104.0,16416.0,16769.0,33185.0,780.0
10310,1023.0,625.0,331.0,113.0,141.0,463.0,837.0,953.0,718.0,819.0,940.0,958.0,922.0,699.0,275.0,403.0,152.0,228.0,344.0,199.0,169.0,134.0,12411.0,11983.0,24394.0,883.0
10311,0.0,0.0,0.0,0.0,0.0,0.0,0.0,0.0,0.0,0.0,0.0,0.0,0.0,0.0,0.0,0.0,0.0,0.0,0.0,0.0,0.0,0.0,0.0,0.0,0.0,0.0
10312,2197.0,1306.0,831.0,415.0,334.0,1245.0,1826.0,1842.0,1827.0,2058.0,2468.0,1437.0,2066.0,2004.0,897.0,1134.0,907.0,1019.0,1464.0,912.0,444.0,230.0,31974.0,30058.0,62032.0,1505.0
10314,2679.0,1598.0,786.0,561.0,661.0,1333.0,2945.0,2557.0,2652.0,2796.0,3057.0,1983.0,3042.0,3083.0,1162.0,1493.0,1011.0,1474.0,1638.0,1041.0,664.0,545.0,45625.0,41975.0,87600.0,2371.0
10451,1601.0,1018.0,954.0,685.0,264.0,1251.0,2008.0,1705.0,2020.0,1270.0,1877.0,1652.0,1111.0,1042.0,563.0,477.0,234.0,539.0,853.0,489.0,160.0,203.0,26865.0,21323.0,48188.0,2050.0
10452,3171.0,1682.0,1344.0,448.0,607.0,1629.0,2940.0,2656.0,2835.0,2451.0,2699.0,3211.0,2142.0,1929.0,831.0,483.0,383.0,472.0,912.0,315.0,220.0,68.0,40365.0,35194.0,75559.0,3056.0
10453,2649.0,1893.0,1165.0,650.0,620.0,1812.0,3845.0,2535.0,2648.0,2534.0,3029.0,2903.0,2372.0,1706.0,976.0,906.0,453.0,701.0,891.0,359.0,69.0,106.0,43350.0,36731.0,80081.0,3198.0
10454,1798.0,937.0,809.0,306.0,461.0,1068.0,1524.0,1231.0,1589.0,986.0,1405.0,1618.0,866.0,750.0,303.0,262.0,177.0,237.0,503.0,330.0,256.0,29.0,20305.0,18707.0,39012.0,1669.0
10455,1793.0,943.0,512.0,316.0,265.0,970.0,1744.0,1795.0,1628.0,1053.0,1303.0,1814.0,1077.0,694.0,522.0,341.0,185.0,482.0,619.0,229.0,76.0,82.0,21467.0,20142.0,41609.0,1642.0
10456,3498.0,2682.0,1459.0,733.0,1134.0,2232.0,3981.0,2754.0,3565.0,1935.0,3497.0,3506.0,2444.0,2200.0,946.0,942.0,447.0,875.0,1244.0,242.0,287.0,334.0,49804.0,42064.0,91868.0,3625.0
10457,2665.0,1920.0,1571.0,443.0,687.0,1757.0,3401.0,2157.0,2783.0,2021.0,2536.0,2891.0,2295.0,1773.0,572.0,495.0,291.0,772.0,803.0,498.0,242.0,185.0,39549.0,34214.0,73763.0,3339.0
10458,3125.0,1810.0,1933.0,1202.0,874.0,2672.0,3438.0,2900.0,2993.0,2552.0,2564.0,2765.0,2243.0,1774.0,810.0,953.0,505.0,758.0,1104.0,379.0,168.0,186.0,41402.0,38572.0,79974.0,3179.0
10459,2066.0,1278.0,818.0,726.0,421.0,1367.0,1962.0,1293.0,1744.0,1175.0,1997.0,1714.0,1253.0,1159.0,297.0,656.0,289.0,601.0,556.0,438.0,216.0,143.0,25312.0,22466.0,47778.0,2187.0
10460,2192.0,1607.0,988.0,394.0,293.0,1497.0,2565.0,1693.0,1964.0,1154.0,2490.0,2175.0,1767.0,1243.0,573.0,615.0,344.0,591.0,998.0,467.0,125.0,98.0,32212.0,27300.0,59512.0,2346.0
10461,1714.0,803.0,525.0,437.0,308.0,1083.0,1942.0,2172.0,1882.0,1922.0,1676.0,1452.0,1917.0,1541.0,591.0,322.0,414.0,556.0,848.0,470.0,464.0,488.0,26679.0,25141.0,51820.0,1602.0
10462,2421.0,1158.0,652.0,715.0,356.0,1583.0,3701.0,3183.0,3164.0,2868.0,2367.0,2638.0,2912.0,2176.0,936.0,946.0,617.0,1008.0,1244.0,685.0,469.0,225.0,41902.0,36602.0,78504.0,2833.0
10463,2227.0,1131.0,544.0,524.0,458.0,946.0,2959.0,3004.0,2683.0,2307.0,2541.0,1923.0,1719.0,2021.0,882.0,828.0,841.0,1188.0,1403.0,897.0,644.0,571.0,37644.0,34337.0,71981.0,2209.0
10464,186.0,59.0,69.0,0.0,104.0,153.0,54.0,157.0,192.0,133.0,181.0,95.0,240.0,117.0,136.0,56.0,73.0,33.0,125.0,62.0,0.0,30.0,2651.0,2072.0,4723.0,151.0
10465,1498.0,818.0,679.0,310.0,506.0,992.0,1420.0,1138.0,1542.0,1401.0,1661.0,1325.0,1496.0,1621.0,699.0,815.0,456.0,724.0,875.0,760.0,387.0,254.0,23771.0,22068.0,45839.0,1318.0
10466,2348.0,1559.0,904.0,575.0,657.0,1749.0,2881.0,2081.0,2493.0,2055.0,2800.0,2266.0,2433.0,1892.0,851.0,885.0,483.0,1002.0,1308.0,536.0,429.0,205.0,38790.0,32348.0,71138.0,2489.0
10467,3533.0,2207.0,1150.0,865.0,987.0,2189.0,4399.0,3411.0,3530.0,3139.0,3456.0,3465.0,3042.0,2373.0,1293.0,1320.0,532.0,1236.0,1377.0,748.0,482.0,502.0,52550.0,48584.0,101134.0,4252.0
10468,2637.0,1526.0,921.0,792.0,529.0,2015.0,2953.0,3001.0,2422.0,2356.0,2791.0,2772.0,2110.0,1847.0,852.0,723.0,307.0,751.0,1201.0,459.0,344.0,275.0,38536.0,35101.0,73637.0,2825.0
10469,2326.0,1630.0,910.0,590.0,485.0,1722.0,3034.0,1979.0,2091.0,2283.0,2986.0,2160.0,2403.0,2118.0,877.0,1176.0,563.0,854.0,1437.0,922.0,507.0,456.0,39848.0,32884.0,72732.0,1874.0
10470,479.0,220.0,106.0,26.0,105.0,311.0,802.0,657.0,436.0,473.0,568.0,419.0,548.0,486.0,162.0,332.0,92.0,180.0,347.0,162.0,149.0,100.0,7593.0,7275.0,14868.0,397.0
10471,680.0,287.0,565.0,330.0,110.0,272.0,818.0,485.0,738.0,743.0,620.0,558.0,521.0,528.0,272.0,418.0,195.0,363.0,480.0,271.0,269.0,319.0,11651.0,10076.0,21727.0,492.0
10472,2435.0,1480.0,816.0,703.0,614.0,2023.0,3004.0,2407.0,2473.0,2007.0,2516.0,2312.0,1588.0,1831.0,667.0,616.0,357.0,703.0,899.0,473.0,247.0,229.0,35078.0,33576.0,68654.0,3150.0
10473,2030.0,1402.0,767.0,494.0,573.0,1589.0,1891.0,1787.0,2174.0,1413.0,2388.0,1935.0,1976.0,1864.0,935.0,744.0,379.0,794.0,1381.0,663.0,294.0,185.0,32823.0,26529.0,59352.0,1667.0
10474,382.0,345.0,191.0,121.0,163.0,474.0,477.0,527.0,449.0,458.0,497.0,459.0,333.0,309.0,46.0,153.0,73.0,97.0,117.0,5.0,39.0,10.0,6166.0,6520.0,12686.0,414.0
10475,883.0,546.0,703.0,566.0,286.0,1042.0,1257.0,1101.0,1246.0,1720.0,2099.0,883.0,1231.0,1237.0,493.0,878.0,346.0,710.0,1149.0,841.0,440.0,334.0,24172.0,19741.0,43913.0,955.0
10550,1329.0,620.0,430.0,300.0,308.0,832.0,1828.0,1168.0,1339.0,1352.0,1361.0,1060.0,952.0,1027.0,354.0,420.0,215.0,462.0,591.0,323.0,132.0,187.0,20054.0,17489.0,37543.0,1418.0
10704,658.0,422.0,418.0,179.0,141.0,540.0,1086.0,726.0,1421.0,991.0,1362.0,880.0,1057.0,1178.0,368.0,380.0,242.0,475.0,912.0,399.0,288.0,283.0,16092.0,15229.0,31321.0,976.0
10705,1356.0,1031.0,504.0,371.0,224.0,948.0,1857.0,1648.0,1195.0,882.0,1374.0,1410.0,1549.0,1039.0,410.0,336.0,372.0,409.0,655.0,196.0,193.0,233.0,20982.0,19410.0,40392.0,1598.0
10803,568.0,337.0,99.0,40.0,67.0,124.0,302.0,251.0,335.0,510.0,496.0,368.0,496.0,468.0,134.0,150.0,113.0,213.0,195.0,115.0,154.0,25.0,6335.0,6225.0,12560.0,301.0
11001,788.0,521.0,213.0,138.0,132.0,554.0,1019.0,666.0,824.0,882.0,1186.0,855.0,1058.0,1084.0,441.0,496.0,305.0,358.0,485.0,252.0,187.0,326.0,14087.0,13464.0,27551.0,695.0
11003,1363.0,1116.0,391.0,338.0,347.0,1391.0,1640.0,1310.0,1554.0,1126.0,1743.0,1308.0,1579.0,1911.0,727.0,675.0,490.0,561.0,666.0,138.0,347.0,102.0,23490.0,21916.0,45406.0,1110.0
11004,342.0,248.0,63.0,44.0,50.0,281.0,387.0,455.0,297.0,294.0,599.0,353.0,604.0,681.0,248.0,220.0,94.0,298.0,247.0,76.0,159.0,234.0,7503.0,6275.0,13778.0,487.0
11005,0.0,0.0,0.0,0.0,0.0,0.0,0.0,9.0,0.0,0.0,0.0,0.0,26.0,60.0,17.0,18.0,23.0,68.0,204.0,70.0,97.0,282.0,1253.0,694.0,1947.0,0.0
11020,190.0,178.0,78.0,42.0,77.0,115.0,113.0,31.0,232.0,190.0,200.0,293.0,251.0,242.0,57.0,94.0,71.0,85.0,149.0,150.0,54.0,51.0,3473.0,2905.0,6378.0,67.0
11021,438.0,379.0,133.0,45.0,58.0,160.0,304.0,381.0,481.0,491.0,610.0,629.0,742.0,613.0,264.0,211.0,192.0,317.0,385.0,289.0,186.0,330.0,9571.0,7807.0,17378.0,559.0
11040,1229.0,903.0,482.0,145.0,131.0,762.0,876.0,1115.0,1317.0,1284.0,1818.0,1366.0,1747.0,1300.0,732.0,935.0,589.0,600.0,691.0,541.0,494.0,456.0,21416.0,20018.0,41434.0,1016.0
11042,0.0,0.0,0.0,0.0,0.0,0.0,0.0,0.0,0.0,0.0,0.0,0.0,0.0,0.0,12.0,10.0,0.0,34.0,12.0,45.0,54.0,65.0,342.0,207.0,549.0,0.0
11096,229.0,317.0,123.0,59.0,51.0,143.0,360.0,330.0,334.0,266.0,258.0,360.0,157.0,236.0,86.0,54.0,78.0,106.0,108.0,65.0,73.0,32.0,4295.0,4036.0,8331.0,323.0
11101,669.0,214.0,258.0,201.0,216.0,745.0,1506.0,1539.0,1178.0,1291.0,1022.0,616.0,878.0,585.0,433.0,405.0,174.0,305.0,363.0,249.0,113.0,83.0,12758.0,13122.0,25880.0,442.0
11102,710.0,505.0,395.0,192.0,375.0,903.0,2668.0,2540.0,1591.0,1358.0,998.0,749.0,1231.0,819.0,248.0,314.0,244.0,354.0,549.0,238.0,175.0,171.0,17606.0,17665.0,35271.0,660.0
11103,798.0,333.0,327.0,155.0,267.0,853.0,3055.0,2570.0,1606.0,1366.0,1083.0,438.0,1359.0,1082.0,187.0,429.0,340.0,384.0,574.0,386.0,237.0,189.0,19437.0,19794.0,39231.0,913.0
11104,550.0,413.0,135.0,39.0,71.0,330.0,1421.0,1361.0,1239.0,1526.0,925.0,742.0,871.0,611.0,371.0,461.0,248.0,346.0,425.0,388.0,236.0,55.0,13732.0,12986.0,26718.0,1041.0
11105,766.0,498.0,132.0,49.0,219.0,903.0,2465.0,2436.0,1506.0,1161.0,1264.0,674.0,1013.0,1028.0,412.0,503.0,255.0,359.0,473.0,369.0,248.0,190.0,18600.0,18594.0,37194.0,747.0
11106,839.0,416.0,294.0,261.0,149.0,1033.0,2810.0,2185.0,1914.0,1703.0,1259.0,721.0,920.0,806.0,414.0,368.0,243.0,479.0,771.0,369.0,303.0,172.0,19757.0,19055.0,38812.0,851.0
11109,0.0,15.0,22.0,0.0,0.0,93.0,511.0,646.0,238.0,201.0,136.0,42.0,64.0,27.0,15.0,32.0,14.0,12.0,0.0,39.0,0.0,14.0,2278.0,2424.0,4702.0,211.0
11201,718.0,369.0,852.0,414.0,450.0,1091.0,3385.0,4327.0,2813.0,2363.0,1613.0,945.0,1550.0,1332.0,580.0,748.0,304.0,673.0,966.0,416.0,343.0,323.0,29553.0,28797.0,58350.0,2062.0
11203,1982.0,1483.0,963.0,483.0,499.0,1413.0,2976.0,2286.0,2660.0,2164.0,2902.0,1865.0,2419.0,1938.0,1242.0,1235.0,624.0,1421.0,1775.0,852.0,532.0,409.0,42493.0,33394.0,75887.0,2452.0
11204,2909.0,1805.0,666.0,662.0,580.0,1577.0,3022.0,2707.0,2501.0,2401.0,2200.0,2989.0,2296.0,2459.0,961.0,1460.0,793.0,844.0,1162.0,815.0,581.0,654.0,40785.0,39701.0,80486.0,3274.0
11205,1467.0,638.0,842.0,749.0,470.0,1052.0,2301.0,1842.0,1932.0,1317.0,1115.0,1676.0,891.0,630.0,398.0,278.0,149.0,382.0,440.0,199.0,147.0,45.0,23083.0,20141.0,43224.0,1859.0
11206,3516.0,2127.0,974.0,594.0,560.0,2663.0,5098.0,3508.0,2659.0,2125.0,2572.0,3156.0,1739.0,1512.0,887.0,487.0,474.0,1084.0,1216.0,520.0,288.0,243.0,43582.0,41224.0,84806.0,3040.0
11207,3560.0,2264.0,1425.0,967.0,730.0,2324.0,4302.0,2550.0,3156.0,2422.0,3808.0,3557.0,2530.0,2713.0,1014.0,1025.0,558.0,1026.0,1358.0,626.0,362.0,328.0,52213.0,42444.0,94657.0,3849.0
11208,3316.0,2346.0,1512.0,943.0,730.0,2325.0,4185.0,2856.0,3408.0,2960.0,3514.0,3957.0,3021.0,2265.0,987.0,1127.0,633.0,768.0,1386.0,335.0,254.0,249.0,50238.0,43609.0,93847.0,3662.0
11209,1378.0,1066.0,653.0,206.0,386.0,1076.0,2927.0,2792.0,2966.0,2529.0,2659.0,1893.0,2556.0,2510.0,892.0,1140.0,618.0,1146.0,1496.0,702.0,579.0,412.0,37322.0,33481.0,70803.0,2284.0
11210,2365.0,1754.0,1146.0,800.0,426.0,1166.0,2402.0,1779.0,2344.0,2357.0,2736.0,2336.0,2365.0,1729.0,1038.0,805.0,479.0,626.0,963.0,556.0,340.0,244.0,36679.0,30753.0,67432.0,2122.0
11211,2573.0,1597.0,942.0,581.0,577.0,2519.0,7600.0,6444.0,3926.0,2948.0,1869.0,2996.0,2160.0,1739.0,803.0,834.0,688.0,776.0,730.0,464.0,333.0,575.0,48885.0,48887.0,97772.0,4656.0
11212,3337.0,1984.0,1590.0,783.0,732.0,1936.0,4407.0,2439.0,3635.0,1959.0,3732.0,2523.0,1846.0,1707.0,1198.0,981.0,606.0,1534.0,1212.0,719.0,266.0,319.0,51218.0,37450.0,88668.0,3472.0
11213,1839.0,1364.0,916.0,580.0,521.0,1402.0,2612.0,2321.0,2277.0,1816.0,2020.0,2066.0,1757.0,1393.0,793.0,610.0,275.0,741.0,983.0,400.0,371.0,301.0,35232.0,29371.0,64603.0,2275.0
11214,2720.0,1578.0,800.0,520.0,494.0,1664.0,3591.0,3793.0,3238.0,3403.0,3113.0,2098.0,3184.0,2950.0,1267.0,1685.0,913.0,1232.0,1700.0,1194.0,683.0,785.0,46337.0,44958.0,91295.0,2798.0
11215,1436.0,765.0,312.0,191.0,212.0,1350.0,4816.0,4571.0,3941.0,3080.0,2171.0,1874.0,1689.0,1849.0,863.0,940.0,480.0,674.0,643.0,501.0,231.0,171.0,36264.0,34554.0,70818.0,2543.0
11216,1101.0,717.0,427.0,406.0,284.0,1406.0,3757.0,2475.0,2040.0,2001.0,1700.0,825.0,1534.0,1420.0,656.0,677.0,320.0,404.0,826.0,306.0,304.0,279.0,28295.0,25452.0,53747.0,1268.0
11217,718.0,449.0,201.0,192.0,127.0,668.0,2676.0,2485.0,2140.0,1567.0,1455.0,802.0,908.0,789.0,446.0,364.0,468.0,399.0,546.0,224.0,153.0,126.0,20442.0,18069.0,38511.0,1211.0
11218,2727.0,1411.0,694.0,421.0,354.0,1880.0,3212.0,3313.0,2975.0,2482.0,2317.0,3397.0,2115.0,1900.0,866.0,1101.0,458.0,852.0,1065.0,493.0,413.0,361.0,38413.0,37278.0,75691.0,3237.0
11219,4171.0,2499.0,980.0,585.0,668.0,2710.0,4112.0,3556.0,2849.0,2707.0,2017.0,4412.0,2512.0,2394.0,1042.0,1310.0,742.0,825.0,839.0,555.0,644.0,799.0,47647.0,50023.0,97670.0,5668.0
11220,3594.0,1525.0,1492.0,585.0,920.0,2271.0,5248.0,4641.0,3881.0,3657.0,3503.0,3201.0,3181.0,2444.0,920.0,989.0,556.0,832.0,1114.0,777.0,647.0,404.0,49951.0,52374.0,102325.0,3929.0
11221,2607.0,1533.0,1091.0,917.0,740.0,2262.0,4456.0,3488.0,3563.0,2715.0,3058.0,2208.0,2334.0,2107.0,765.0,759.0,669.0,842.0,1018.0,503.0,301.0,339.0,43838.0,39534.0,83372.0,2924.0
11222,468.0,179.0,180.0,191.0,191.0,576.0,3540.0,3178.0,1721.0,1354.0,895.0,491.0,1119.0,983.0,311.0,517.0,323.0,276.0,377.0,187.0,118.0,88.0,18162.0,17001.0,35163.0,930.0
11223,2074.0,1738.0,1028.0,506.0,420.0,1626.0,3658.0,2780.0,2239.0,2264.0,2844.0,2461.0,2565.0,2400.0,1010.0,1181.0,804.0,1067.0,1523.0,1131.0,737.0,706.0,41583.0,37802.0,79385.0,3288.0
11224,995.0,680.0,414.0,329.0,262.0,914.0,1093.0,729.0,1325.0,1022.0,1408.0,1217.0,1180.0,1290.0,919.0,784.0,516.0,688.0,1327.0,837.0,387.0,607.0,24183.0,18818.0,43001.0,1326.0
11225,1720.0,932.0,496.0,519.0,384.0,1790.0,3320.0,2720.0,2140.0,1575.0,1854.0,1410.0,1599.0,1577.0,816.0,957.0,394.0,977.0,1040.0,500.0,282.0,227.0,32768.0,27412.0,60180.0,2378.0
11226,3261.0,1810.0,923.0,729.0,704.0,2153.0,4910.0,3758.0,3853.0,2706.0,3474.0,3152.0,2649.0,2251.0,1439.0,1421.0,882.0,1293.0,1555.0,616.0,501.0,389.0,54496.0,44530.0,99026.0,3165.0
11228,1358.0,908.0,617.0,214.0,337.0,825.0,1593.0,2132.0,1600.0,1674.0,1825.0,1311.0,1516.0,1342.0,573.0,819.0,414.0,578.0,774.0,560.0,451.0,388.0,24282.0,22908.0,47190.0,1703.0
11229,2397.0,1338.0,653.0,332.0,561.0,1652.0,2717.0,2792.0,2751.0,2257.0,2921.0,2508.0,2829.0,2857.0,967.0,1639.0,877.0,1099.0,1654.0,1033.0,731.0,807.0,42729.0,39003.0,81732.0,2601.0
11230,2707.0,1746.0,991.0,647.0,751.0,1834.0,3411.0,2545.0,2751.0,2323.0,2249.0,3085.0,2655.0,2493.0,1227.0,1422.0,887.0,1095.0,1300.0,929.0,697.0,844.0,45799.0,42790.0,88589.0,3644.0
11231,724.0,392.0,210.0,189.0,49.0,380.0,1437.0,2249.0,1863.0,1517.0,1372.0,1128.0,985.0,1132.0,519.0,480.0,211.0,193.0,623.0,304.0,161.0,125.0,18644.0,16619.0,35263.0,1286.0
11232,816.0,486.0,410.0,189.0,170.0,808.0,1373.0,1951.0,1211.0,1125.0,993.0,1091.0,1138.0,533.0,268.0,395.0,220.0,172.0,345.0,194.0,124.0,14.0,13577.0,15639.0,29216.0,953.0
11233,2467.0,1451.0,819.0,653.0,668.0,1760.0,3569.0,2529.0,3097.0,1925.0,2476.0,2594.0,2149.0,1545.0,673.0,689.0,394.0,864.0,1224.0,444.0,189.0,160.0,39892.0,31697.0,71589.0,3134.0
11234,3182.0,1831.0,1003.0,777.0,551.0,2012.0,3094.0,3167.0,2900.0,2424.0,3645.0,2864.0,3147.0,3436.0,1428.0,1615.0,1080.0,1255.0,1999.0,870.0,721.0,733.0,50891.0,45021.0,95912.0,2685.0
11235,1937.0,984.0,506.0,265.0,497.0,1148.0,2279.0,2470.0,2712.0,2330.0,2657.0,1968.0,2391.0,2567.0,1081.0,1487.0,1074.0,1525.0,1641.0,1128.0,1053.0,983.0,40421.0,36247.0,76668.0,1978.0
11236,3191.0,2335.0,1176.0,674.0,974.0,1964.0,3854.0,2926.0,3710.0,2525.0,4121.0,2921.0,3205.0,3210.0,1538.0,1367.0,847.0,1334.0,1719.0,712.0,467.0,357.0,54675.0,43601.0,98276.0,2819.0
11237,1634.0,1249.0,721.0,412.0,602.0,2001.0,3319.0,3426.0,2000.0,1939.0,1581.0,1699.0,1413.0,1206.0,403.0,379.0,258.0,367.0,480.0,187.0,147.0,119.0,26116.0,28066.0,54182.0,2028.0
11238,961.0,461.0,218.0,164.0,288.0,1180.0,3767.0,3177.0,2728.0,1982.0,1367.0,1256.0,1078.0,1477.0,571.0,648.0,404.0,654.0,862.0,365.0,157.0,251.0,27829.0,25170.0,52999.0,1490.0
11239,231.0,288.0,29.0,102.0,47.0,230.0,349.0,276.0,506.0,280.0,480.0,96.0,129.0,225.0,182.0,173.0,68.0,214.0,550.0,254.0,390.0,129.0,7741.0,5183.0,12924.0,321.0
11351,0.0,0.0,0.0,0.0,0.0,0.0,0.0,0.0,0.0,0.0,0.0,0.0,0.0,0.0,0.0,0.0,0.0,0.0,0.0,0.0,0.0,0.0,0.0,0.0,0.0,0.0
11354,745.0,697.0,368.0,236.0,357.0,1192.0,2082.0,2013.0,1764.0,1627.0,2269.0,1353.0,2262.0,2211.0,1041.0,1221.0,684.0,855.0,953.0,715.0,380.0,526.0,30274.0,26634.0,56908.0,1222.0
11355,1867.0,1298.0,602.0,361.0,425.0,1663.0,3786.0,2516.0,2607.0,2647.0,3349.0,2184.0,3485.0,2658.0,1066.0,1568.0,664.0,1093.0,1637.0,929.0,892.0,606.0,43054.0,39736.0,82790.0,2113.0
11356,499.0,441.0,206.0,227.0,104.0,594.0,830.0,1024.0,777.0,800.0,823.0,553.0,779.0,833.0,289.0,449.0,253.0,146.0,442.0,261.0,168.0,54.0,12293.0,12338.0,24631.0,870.0
11357,1090.0,734.0,334.0,164.0,146.0,679.0,1105.0,909.0,1299.0,1087.0,1414.0,1157.0,1431.0,1277.0,549.0,636.0,500.0,806.0,1140.0,641.0,731.0,424.0,20861.0,18876.0,39737.0,1319.0
11358,1099.0,657.0,322.0,186.0,135.0,571.0,1362.0,1204.0,1207.0,1420.0,1320.0,723.0,1500.0,1423.0,653.0,689.0,504.0,555.0,763.0,518.0,418.0,282.0,19072.0,18414.0,37486.0,699.0
11359,0.0,0.0,0.0,0.0,0.0,0.0,0.0,0.0,0.0,0.0,0.0,0.0,0.0,0.0,0.0,0.0,0.0,0.0,0.0,0.0,0.0,0.0,0.0,0.0,0.0,0.0
11360,379.0,195.0,166.0,85.0,26.0,295.0,387.0,516.0,480.0,738.0,600.0,550.0,663.0,745.0,320.0,437.0,204.0,340.0,521.0,322.0,448.0,367.0,10513.0,9092.0,19605.0,556.0
11361,724.0,534.0,395.0,105.0,159.0,430.0,981.0,949.0,1023.0,1097.0,1097.0,848.0,1130.0,1105.0,372.0,570.0,369.0,348.0,599.0,295.0,223.0,267.0,15570.0,14637.0,30207.0,758.0
11362,241.0,288.0,193.0,67.0,6.0,162.0,889.0,525.0,483.0,538.0,460.0,438.0,592.0,615.0,385.0,317.0,212.0,291.0,439.0,84.0,250.0,329.0,9777.0,8362.0,18139.0,363.0
11363,449.0,129.0,157.0,101.0,50.0,189.0,209.0,170.0,272.0,337.0,329.0,160.0,378.0,357.0,53.0,149.0,100.0,85.0,223.0,131.0,27.0,42.0,3773.0,3889.0,7662.0,97.0
11364,1038.0,622.0,293.0,162.0,124.0,560.0,956.0,1183.0,1415.0,1242.0,1454.0,847.0,1406.0,1084.0,757.0,585.0,549.0,570.0,614.0,365.0,330.0,349.0,18463.0,16486.0,34949.0,856.0
11365,1238.0,634.0,375.0,249.0,299.0,836.0,1692.0,1438.0,1639.0,1617.0,1755.0,1408.0,1957.0,1520.0,517.0,826.0,336.0,569.0,823.0,365.0,635.0,492.0,23768.0,21273.0,45041.0,1805.0
11366,385.0,251.0,182.0,100.0,123.0,227.0,585.0,366.0,425.0,421.0,407.0,445.0,568.0,504.0,164.0,255.0,157.0,161.0,234.0,119.0,126.0,105.0,6944.0,6248.0,13192.0,422.0
11367,1056.0,653.0,697.0,440.0,613.0,721.0,1583.0,1450.0,1468.0,1369.0,1380.0,1419.0,1300.0,1129.0,718.0,642.0,403.0,666.0,815.0,518.0,272.0,217.0,22242.0,20425.0,42667.0,2046.0
11368,3678.0,1949.0,1037.0,573.0,1143.0,3474.0,5069.0,6106.0,4452.0,4798.0,3087.0,3768.0,3088.0,2387.0,1034.0,1003.0,420.0,1008.0,1090.0,710.0,428.0,423.0,52114.0,60595.0,112709.0,4435.0
11369,1222.0,715.0,418.0,323.0,576.0,946.0,1420.0,1896.0,1348.0,1434.0,1402.0,1118.0,1033.0,1294.0,479.0,471.0,282.0,490.0,574.0,380.0,149.0,195.0,19532.0,19469.0,39001.0,1051.0
11370,888.0,758.0,418.0,250.0,401.0,1623.0,1061.0,1843.0,892.0,2007.0,1068.0,619.0,1562.0,1131.0,368.0,494.0,279.0,294.0,340.0,384.0,295.0,179.0,14389.0,21118.0,35507.0,873.0
11371,0.0,0.0,0.0,0.0,0.0,0.0,0.0,0.0,0.0,0.0,0.0,0.0,0.0,0.0,0.0,0.0,0.0,0.0,0.0,0.0,0.0,0.0,0.0,0.0,0.0,0.0
11372,1084.0,687.0,682.0,270.0,428.0,1152.0,2784.0,3412.0,2079.0,2620.0,2262.0,1653.0,2262.0,2175.0,902.0,817.0,389.0,947.0,1517.0,700.0,241.0,267.0,32338.0,32416.0,64754.0,1820.0
11373,2336.0,1524.0,790.0,657.0,864.0,2227.0,3599.0,5243.0,3848.0,4297.0,3294.0,2428.0,3327.0,3020.0,1236.0,1240.0,754.0,1291.0,1563.0,782.0,566.0,297.0,48332.0,50222.0,98554.0,3104.0
11374,762.0,359.0,200.0,268.0,117.0,824.0,2056.0,1750.0,1864.0,1274.0,1307.0,825.0,1509.0,1809.0,689.0,947.0,499.0,691.0,1247.0,784.0,247.0,475.0,22698.0,20701.0,43399.0,1230.0
11375,1791.0,637.0,555.0,212.0,244.0,886.0,2218.0,2726.0,3313.0,2666.0,2647.0,1741.0,2347.0,2129.0,902.0,1004.0,561.0,1144.0,1446.0,782.0,883.0,784.0,37256.0,33467.0,70723.0,2420.0
11377,2611.0,1172.0,909.0,653.0,551.0,2073.0,4326.0,4426.0,3879.0,3718.0,2875.0,2404.0,3081.0,2533.0,915.0,1096.0,632.0,1077.0,1301.0,739.0,567.0,382.0,45178.0,45437.0,90615.0,2401.0
11378,687.0,634.0,319.0,255.0,99.0,587.0,1192.0,1182.0,1101.0,1321.0,1075.0,805.0,1291.0,1065.0,452.0,536.0,308.0,331.0,515.0,380.0,123.0,196.0,16506.0,15250.0,31756.0,856.0
11379,1142.0,390.0,367.0,183.0,215.0,381.0,1095.0,1064.0,1344.0,1444.0,1317.0,920.0,1157.0,1253.0,535.0,674.0,325.0,575.0,770.0,524.0,327.0,324.0,18719.0,16757.0,35476.0,862.0
11385,2591.0,2080.0,1149.0,503.0,706.0,2406.0,4253.0,4084.0,4268.0,3614.0,3455.0,3094.0,3461.0,3214.0,1209.0,1472.0,837.0,1151.0,1209.0,567.0,523.0,389.0,52057.0,50152.0,102209.0,3130.0
11411,456.0,325.0,246.0,91.0,90.0,358.0,528.0,496.0,618.0,669.0,680.0,528.0,536.0,696.0,365.0,258.0,240.0,524.0,596.0,369.0,156.0,82.0,10781.0,8427.0,19208.0,432.0
11412,1109.0,807.0,539.0,276.0,284.0,986.0,1295.0,1166.0,1083.0,1157.0,1762.0,1064.0,1429.0,1283.0,483.0,390.0,420.0,527.0,812.0,315.0,169.0,186.0,20982.0,16850.0,37832.0,1340.0
11413,1344.0,1246.0,550.0,230.0,298.0,706.0,1664.0,1485.0,1485.0,1067.0,1804.0,1132.0,1558.0,1057.0,614.0,545.0,252.0,691.0,915.0,534.0,333.0,207.0,23232.0,19328.0,42560.0,1271.0
11414,787.0,505.0,169.0,220.0,239.0,254.0,848.0,517.0,1045.0,1039.0,1097.0,809.0,991.0,962.0,348.0,599.0,262.0,423.0,636.0,505.0,256.0,432.0,15391.0,13309.0,28700.0,856.0
11415,422.0,291.0,143.0,161.0,57.0,232.0,863.0,1046.0,829.0,599.0,808.0,485.0,571.0,400.0,310.0,319.0,266.0,275.0,310.0,126.0,127.0,103.0,10461.0,8942.0,19403.0,746.0
11416,960.0,573.0,396.0,223.0,200.0,844.0,1071.0,1036.0,1031.0,738.0,1138.0,865.0,887.0,817.0,188.0,451.0,151.0,216.0,244.0,163.0,53.0,65.0,13558.0,13067.0,26625.0,982.0
11417,1092.0,561.0,326.0,316.0,171.0,734.0,1103.0,1032.0,1020.0,1280.0,1248.0,909.0,1359.0,1059.0,374.0,420.0,350.0,241.0,490.0,261.0,153.0,196.0,16502.0,15913.0,32415.0,1041.0
11418,1171.0,857.0,420.0,344.0,320.0,911.0,1833.0,1581.0,1304.0,1185.0,1468.0,1305.0,1316.0,1242.0,510.0,561.0,260.0,356.0,502.0,268.0,172.0,85.0,19998.0,19310.0,39308.0,1372.0
11419,1506.0,1254.0,686.0,426.0,490.0,1325.0,2125.0,1872.0,1363.0,1375.0,1942.0,1142.0,1735.0,1845.0,538.0,788.0,429.0,471.0,636.0,355.0,264.0,125.0,24667.0,24639.0,49306.0,1272.0
11420,1628.0,1094.0,509.0,453.0,465.0,1054.0,1936.0,1595.0,1513.0,1731.0,1908.0,1612.0,1978.0,1675.0,654.0,751.0,440.0,601.0,738.0,400.0,123.0,200.0,26686.0,24134.0,50820.0,1427.0
11421,1297.0,899.0,399.0,315.0,380.0,1225.0,1551.0,1400.0,1480.0,1366.0,1839.0,1323.0,1563.0,1360.0,570.0,681.0,315.0,378.0,737.0,444.0,204.0,109.0,21867.0,21157.0,43024.0,1517.0
11422,1053.0,748.0,376.0,273.0,188.0,595.0,1552.0,1126.0,1260.0,860.0,1480.0,932.0,1207.0,1090.0,343.0,405.0,240.0,449.0,437.0,208.0,97.0,115.0,18299.0,14946.0,33245.0,1182.0
11423,1042.0,495.0,448.0,254.0,213.0,739.0,1118.0,1035.0,881.0,1045.0,1131.0,778.0,1210.0,1149.0,425.0,624.0,312.0,552.0,822.0,262.0,158.0,161.0,16582.0,15400.0,31982.0,968.0
11424,0.0,0.0,0.0,0.0,0.0,0.0,0.0,0.0,0.0,0.0,0.0,0.0,0.0,0.0,0.0,0.0,0.0,0.0,0.0,0.0,0.0,0.0,0.0,0.0,0.0,0.0
11425,0.0,0.0,0.0,0.0,0.0,0.0,0.0,0.0,0.0,0.0,0.0,0.0,0.0,0.0,0.0,0.0,0.0,0.0,0.0,0.0,0.0,0.0,0.0,0.0,0.0,0.0
11426,570.0,434.0,304.0,96.0,154.0,476.0,754.0,798.0,417.0,433.0,613.0,357.0,774.0,889.0,182.0,358.0,160.0,246.0,413.0,266.0,113.0,140.0,10035.0,9807.0,19842.0,863.0
11427,504.0,324.0,199.0,283.0,125.0,509.0,848.0,696.0,627.0,855.0,965.0,548.0,764.0,895.0,347.0,531.0,280.0,238.0,378.0,215.0,165.0,175.0,12423.0,11145.0,23568.0,807.0
11428,441.0,496.0,298.0,220.0,100.0,471.0,774.0,613.0,693.0,746.0,894.0,513.0,844.0,764.0,276.0,256.0,252.0,207.0,256.0,153.0,121.0,65.0,10231.0,9513.0,19744.0,430.0
11429,767.0,622.0,340.0,234.0,318.0,649.0,705.0,891.0,862.0,1038.0,1052.0,677.0,1133.0,823.0,468.0,387.0,110.0,345.0,595.0,312.0,143.0,61.0,13638.0,12724.0,26362.0,619.0
11430,0.0,0.0,0.0,4.0,0.0,6.0,0.0,0.0,0.0,16.0,4.0,0.0,31.0,15.0,0.0,10.0,0.0,0.0,0.0,0.0,0.0,0.0,25.0,161.0,186.0,0.0
11432,2038.0,986.0,1584.0,653.0,625.0,1485.0,2703.0,2396.0,2294.0,2075.0,2198.0,1560.0,1827.0,1882.0,546.0,924.0,577.0,974.0,1044.0,525.0,426.0,309.0,33349.0,30184.0,63533.0,2087.0
11433,1491.0,987.0,513.0,258.0,404.0,763.0,1047.0,1078.0,1227.0,952.0,1335.0,1515.0,907.0,1090.0,602.0,484.0,210.0,331.0,670.0,252.0,173.0,107.0,18257.0,15854.0,34111.0,870.0
11434,2209.0,1364.0,637.0,720.0,504.0,1770.0,2904.0,2110.0,2556.0,1835.0,2881.0,2180.0,1984.0,1713.0,749.0,776.0,416.0,1085.0,1171.0,612.0,382.0,446.0,37242.0,28650.0,65892.0,2329.0
11435,1481.0,1038.0,513.0,299.0,332.0,1080.0,3141.0,2579.0,2052.0,2191.0,2000.0,1543.0,1890.0,1692.0,657.0,749.0,414.0,672.0,574.0,467.0,366.0,198.0,27799.0,27524.0,55323.0,1679.0
11436,781.0,415.0,166.0,252.0,125.0,470.0,708.0,778.0,686.0,598.0,685.0,451.0,701.0,500.0,199.0,291.0,147.0,251.0,321.0,112.0,93.0,91.0,9908.0,9517.0,19425.0,644.0
11451,0.0,0.0,0.0,0.0,0.0,0.0,0.0,0.0,0.0,0.0,0.0,0.0,0.0,0.0,0.0,0.0,0.0,0.0,0.0,0.0,0.0,0.0,0.0,0.0,0.0,0.0
11509,71.0,47.0,7.0,18.0,0.0,30.0,38.0,31.0,31.0,57.0,48.0,30.0,114.0,98.0,66.0,96.0,28.0,20.0,98.0,42.0,12.0,44.0,1091.0,1083.0,2174.0,13.0
11559,320.0,247.0,179.0,10.0,68.0,103.0,327.0,109.0,295.0,351.0,118.0,279.0,245.0,240.0,124.0,114.0,87.0,198.0,204.0,150.0,84.0,132.0,4435.0,3968.0,8403.0,243.0
11580,1622.0,864.0,523.0,257.0,299.0,656.0,1670.0,1074.0,1503.0,1263.0,1424.0,1304.0,1403.0,1689.0,660.0,797.0,352.0,433.0,556.0,394.0,351.0,340.0,21979.0,20786.0,42765.0,996.0
11581,713.0,542.0,164.0,124.0,120.0,498.0,531.0,654.0,690.0,611.0,913.0,658.0,789.0,636.0,383.0,372.0,225.0,194.0,477.0,300.0,146.0,183.0,10907.0,10672.0,21579.0,747.0
11691,2170.0,1406.0,802.0,530.0,548.0,1166.0,2073.0,1931.0,2343.0,1202.0,2099.0,2458.0,1763.0,1766.0,954.0,893.0,492.0,614.0,1065.0,629.0,454.0,311.0,34463.0,29526.0,63989.0,3141.0
11692,925.0,486.0,186.0,74.0,188.0,310.0,657.0,436.0,603.0,535.0,781.0,587.0,625.0,530.0,385.0,242.0,101.0,194.0,280.0,237.0,132.0,79.0,9872.0,9083.0,18955.0,619.0
11693,311.0,195.0,103.0,120.0,90.0,152.0,362.0,281.0,312.0,488.0,544.0,328.0,437.0,281.0,129.0,147.0,169.0,123.0,204.0,149.0,26.0,35.0,5812.0,5382.0,11194.0,302.0
11694,867.0,489.0,119.0,119.0,76.0,241.0,624.0,655.0,444.0,777.0,804.0,716.0,948.0,763.0,333.0,467.0,348.0,303.0,466.0,383.0,249.0,233.0,10355.0,10418.0,20773.0,563.0
11697,181.0,118.0,17.0,10.0,0.0,54.0,50.0,51.0,114.0,100.0,53.0,205.0,136.0,88.0,72.0,119.0,18.0,116.0,58.0,78.0,91.0,34.0,1971.0,2035.0,4006.0,86.0
